id	name	species	sex	occupation	color	age	size	mass
1	Big Bad Wolf	wolf	male	homeless	gray	7	1.5	70
2	Captain Hook	human	male	pianist	white	58	1.7	75
3	Cinderella	human	female	princess	white	19	1.6	55
4	Cyclops	cyclop	male	bouncer	white	41	1.9	90
5	Cyclops Girl	cyclop	female	child	white	8	1.2	49
6	Donkey	donkey	male organism	hero	gray	10	1.5	100
7	Doris the Ugly Stepsister	human	female	bartender	white	40	1.79	79
8	Dragon	dragon	female organism	guardian	purple	330	19.33	7000
9	Dronkeys	dronkeys	varies	children	gray	1	1.1	70
10	Fairy Godmother	fairy	female	villain	white	63	1.6	66
11	Farkle	ogre	male	child	green	1	1.2	49
12	Felicia	ogre	female	child	green	1	1.2	49
13	Fergus	ogre	male	child	green	1	1.2	49
14	Fifi	goose	female	guardian	white	6	1.1	18
15	Frog King Harold	frog	male	king	green	64	0.15	0.025
16	Ginger Bread Man	ginger bread	male	prisoner	brown	2	0.16	0.085
17	Golden Goose	goose	female	egglayer	golden	0	0.4	1.5
18	Great Terror	goose	female	egglayer	white	97	30.5	2000
19	Headless Horseman	undead	male	knight	n/a	55	1.75	100
20	Humpty Dumpty	egg	male	unknown	white	23	1.44	22
21	Jack	human	male	robber	white	51	2	134
22	Jill	human	female	robber	white	50	1.9	125
23	King Arthur Pendragon	human	male	student	white	18	1.72	74
24	King Harold	human	male	king	white	64	1.76	84
25	Kitty Softpaws	cat	female	thief	black	9	0.45	6
26	Lord Farquaad	human	male	lord	white	43	1.4	49
27	Mabel the Ugly Stepsister	human	female	bartender	white	41	1.65	68
28	Magic Mirror	mirror	male	furniture	gray	88	1	36
29	Merlin	human	male	wizard	white	78	1.45	55
30	Monsieur Hood	human	male	highwayman 	white	29	1.7	71
31	Peter Pan	fairy	male	child	white	204	0.1	0.02
32	Pinocchio	puppet	male	liar	brown	15	1.35	4.18
33	Prince Charming	human	male	actor	white	32	1.83	81
34	Princess Fiona	ogre	female	princess	green	30	1.73	82
35	Puss in Boots	cat	male	mercenary	orange	10	0.5	8.5
36	Queen Lillian	human	female	queen	white	48	1.65	52
37	Rapunzel	human	female	princess	white	18	1.56	47
38	Rumpelstiltskin	human	male	deal maker	white	38	1.3	46
39	Seven Dwarfs	human	male	miners	white	44	0.97	52
40	Shrek	ogre	male	God	green	30	2.2	161.5
41	Sir Lancelot	human	male	student	white	20	1.81	78.5
42	Sleeping Beauty	human	female	princess	white	19	1.64	51.5
43	Snow White	human	female	princess	white	19	1.61	51
44	The Evil Queen	human	female	former queen	white	36	1.74	60
45	The Evil Trees	tree	tree	musclemen	brown	250	4.5	400
46	The Pied Piper	human	male	rat charmer	white	40	1.65	55
47	Thelonious	human	male	executioner	white	51	1.85	95
48	Three Blind Mice	mouse	male	unemplyed	white	2	0.07	0.025
49	Three Little Pigs	pig	male	unemplyed	pink	14	1.08	62
50	Tinker Bell	fairy	female	unemplyed	white	182	0.08	0.012
51	Witches	human	female	musclemen	white	64	1.55	45
